1,1,1986
1,2,2001
1,3,2005
1,4,2006
1,5,2016
1,6,2017
1,7,2005
1,8,1989
1,9,1999
1,10,2017
1,11,2000
1,12,2017
1,16,2017
1,19,2015
1,20,1950
1,21,2017
1,22,1930
1,23,1993
1,26,2017
1,27,2000
1,28,2015
1,29,1995
1,30,1999
1,31,2003
1,32,2003
1,33,2006
1,37,1992
1,39,2017
1,42,1980
1,43,2017
1,45,1950
1,46,2017
1,48,1960
2,1,Guitare
2,2,Guitare
2,3,Guitare
2,4,Guitare
2,5,Guitare
2,6,Guitare
2,7,Guitare
2,8,Guitare
2,9,Guitare
2,10,Guitare
2,11,Guitare
2,12,Guitare
2,13,Guitare
2,14,Guitare
2,15,Guitare
2,16,Piano
2,17,Piano
2,18,Piano
2,19,Piano
2,20,Piano
2,21,Piano
2,22,Piano
2,23,Piano
2,24,Flute
2,25,Flute
2,26,Flute
2,27,Flute
2,28,Flute
2,29,Saxophone
2,30,Saxophone
2,31,Trambone
2,32,Accordéon
2,33,Violoncelle
2,34,Violon
2,35,Violoncelle
2,36,Violoncelle
2,37,Batterie
2,38,Batterie
2,39,Batterie
2,40,Batterie
2,41,Batterie
2,42,Harmonica
2,43,Harmonica
2,44,Harmonica
2,45,Balalaïka
2,46,Ukelele
2,47,Ukelele
2,48,Ukelele
3,1,Noir
3,2,Noir
3,3,Noir
3,7,Noir
3,8,Brun
3,9,Brun
3,11,Vert
3,12,Rouge
3,13,Brun
3,14,Rouge
3,15,Noir
3,16,Noir
3,17,Noir
3,18,Brun
3,20,Gris
3,21,Jaune
3,22,Noir
3,23,Vert
3,24,Beige
3,25,Noir
3,31,Beige
3,33,Noir
3,38,Noir
3,40,Gris
3,41,Noir
3,44,Brun
3,45,Beige
3,46,Brun
4,1,usé
4,2,usé
4,3,usé
4,4,usé
4,5,neuf
4,11,usé
4,12,neuf
4,13,neuf
4,14,usé 
4,16,usé
4,17,neuf
4,18,neuf
4,19,neuf
4,20,usé
4,21,usé
4,22,usé
4,28,neuf
4,29,usé
4,30,usé
4,31,usé
4,32,usé
4,33,usé
4,34,neuf
4,35,neuf
4,36,neuf
4,37,usé
4,43,neuf
4,45,usé
4,46,usé
4,47,usé
4,48,usé
5,49,10/07/1997
5,50,02/19/2013
5,51,11/22/1993
5,52,04/13/1981
5,53,12/07/2003
5,54,05/27/2006
5,55,12/20/1975
5,56,08/21/2004
5,57,10/03/2001
5,58,03/12/1997
5,59,07/07/2015
5,60,11/10/1987
5,61,08/10/2012
5,62,07/28/1991
5,63,10/05/1990
5,64,05/01/1988
5,65,01/19/1995
5,66,08/28/2000
5,67,04/25/1988
5,68,07/17/2009
5,69,09/03/2000
5,70,01/18/2003
5,71,11/22/1979
5,72,05/31/1986
5,73,12/20/1989
5,74,07/14/1986
5,75,01/29/2007
5,76,09/06/2011
5,77,10/06/1997
5,78,04/15/2014
5,79,03/02/1975
5,80,03/18/2014
5,81,02/02/2018
5,82,10/25/2004
5,83,04/27/1978
5,84,06/07/1987
5,85,05/27/1999
5,86,11/21/2013
5,87,10/29/1982
5,88,07/21/2006
5,89,06/08/1994
5,90,12/17/2001
5,91,09/23/2000
5,92,06/09/2017
5,93,05/01/1981
5,94,04/01/2005
5,95,11/04/1982
5,96,01/10/1990
5,97,01/08/2004
5,98,09/08/1988
5,99,10/16/2014
5,100,12/16/2007
5,101,12/01/1998
5,102,10/17/1990
5,103,11/01/1988
5,104,09/24/1984
5,105,08/01/1983
5,106,01/31/2007
5,107,12/15/1981
5,108,08/17/2000
5,109,12/20/2016
5,110,07/31/1995
5,111,10/29/1987
5,112,12/01/1988
5,113,04/08/1998
5,114,05/12/2017
5,115,02/12/2009
5,116,01/07/2007
5,117,07/19/2004
5,118,05/26/2014
5,119,05/04/2014
5,120,08/14/1984
5,121,12/01/1990
5,122,05/21/2014
5,123,04/20/1992
5,124,09/13/1979
5,125,09/11/1992
5,126,03/11/1989
5,127,01/15/1993
5,128,09/07/1982
5,129,03/20/1990
5,130,01/11/2006
5,131,11/11/2012
5,132,11/03/2014
5,133,03/29/2001
5,134,04/17/1982
5,135,02/02/1996
5,136,05/07/1989
5,137,04/04/2012
5,138,02/17/1980
5,139,09/08/1977
5,140,09/21/2016
5,141,02/12/1994
5,142,10/20/1992
5,143,09/09/2000
5,144,02/18/1984
5,145,06/04/1996
5,146,08/03/2009
5,147,01/12/2011
5,148,01/27/2006
6,49,Appartement
6,50,Maison
6,51,Appartement
6,52,Maison
6,53,Maison
6,54,Maison
6,55,Appartement
6,56,Appartement
6,57,Maison
6,58,Maison
6,59,Maison
6,60,Appartement
6,61,Maison
6,62,Maison
6,63,Maison
6,64,Maison
6,65,Maison
6,66,Maison
6,67,Maison
6,68,Maison
6,69,Appartement
6,70,Appartement
6,71,Maison
6,72,Appartement
6,73,Appartement
6,74,Appartement
6,75,Maison
6,76,Maison
6,77,Appartement
6,78,Maison
6,79,Appartement
6,80,Maison
6,81,Appartement
6,82,Maison
6,83,Maison
6,84,Maison
6,85,Appartement
6,86,Maison
6,87,Maison
6,88,Appartement
6,89,Appartement
6,90,Appartement
6,91,Maison
6,92,Appartement
6,93,Maison
6,94,Appartement
6,95,Appartement
6,96,Maison
6,97,Maison
6,98,Maison
6,99,Appartement
6,100,Maison
6,101,Appartement
6,102,Appartement
6,103,Maison
6,104,Appartement
6,105,Appartement
6,106,Maison
6,107,Appartement
6,108,Appartement
6,109,Appartement
6,110,Maison
6,111,Maison
6,112,Maison
6,113,Maison
6,114,Appartement
6,115,Maison
6,116,Appartement
6,117,Appartement
6,118,Appartement
6,119,Appartement
6,120,Maison
6,121,Maison
6,122,Appartement
6,123,Appartement
6,124,Appartement
6,125,Maison
6,126,Maison
6,127,Maison
6,128,Maison
6,129,Maison
6,130,Appartement
6,131,Appartement
6,132,Maison
6,133,Appartement
6,134,Maison
6,135,Maison
6,136,Maison
6,137,Appartement
6,138,Maison
6,139,Appartement
6,140,Appartement
6,141,Appartement
6,142,Maison
6,143,Maison
6,144,Appartement
6,145,Maison
6,146,Appartement
6,147,Appartement
6,148,Appartement
7,49,1
7,50,2
7,51,3
7,52,4
7,53,5
7,54,6
7,55,1
7,56,2
7,57,3
7,58,4
7,59,5
7,60,6
7,61,1
7,62,2
7,63,3
7,64,4
7,65,5
7,66,6
7,67,1
7,68,2
7,69,3
7,70,4
7,71,5
7,72,6
7,73,1
7,74,2
7,75,3
7,76,4
7,77,5
7,78,6
7,79,1
7,80,2
7,81,3
7,82,4
7,83,5
7,84,6
7,85,1
7,86,2
7,87,3
7,88,4
7,89,5
7,90,6
7,91,1
7,92,2
7,93,3
7,94,4
7,95,5
7,96,6
7,97,1
7,98,2
7,99,3
7,100,4
7,101,5
7,102,6
7,103,1
7,104,2
7,105,3
7,106,4
7,107,5
7,108,6
7,109,1
7,110,2
7,111,3
7,112,4
7,113,5
7,114,6
7,115,1
7,116,2
7,117,3
7,118,4
7,119,5
7,120,6
7,121,1
7,122,2
7,123,3
7,124,4
7,125,5
7,126,6
7,127,1
7,128,2
7,129,3
7,130,4
7,131,5
7,132,6
7,133,1
7,134,2
7,135,3
7,136,4
7,137,5
7,138,6
7,139,1
7,140,2
7,141,3
7,142,4
7,143,5
7,144,6
7,145,1
7,146,2
7,147,3
7,148,4
8,49,1
8,50,2
8,51,1
8,52,2
8,53,1
8,54,2
8,55,1
8,56,2
8,57,1
8,58,2
8,59,1
8,60,2
8,61,1
8,62,2
8,63,1
8,64,2
8,65,1
8,66,2
8,67,1
8,68,2
8,69,1
8,70,2
8,71,1
8,72,2
8,73,1
8,74,2
8,75,1
8,76,2
8,77,1
8,78,2
8,79,1
8,80,2
8,81,1
8,82,2
8,83,1
8,84,2
8,85,1
8,86,2
8,87,1
8,88,2
8,89,1
8,90,2
8,91,1
8,92,2
8,93,1
8,94,2
8,95,1
8,96,2
8,97,1
8,98,2
8,99,1
8,100,2
8,101,1
8,102,2
8,103,1
8,104,2
8,105,1
8,106,2
8,107,1
8,108,2
8,109,1
8,110,2
8,111,1
8,112,2
8,113,1
8,114,2
8,115,1
8,116,2
8,117,1
8,118,2
8,119,1
8,120,2
8,121,1
8,122,2
8,123,1
8,124,2
8,125,1
8,126,2
8,127,1
8,128,2
8,129,1
8,130,2
8,131,1
8,132,2
8,133,1
8,134,2
8,135,1
8,136,2
8,137,1
8,138,2
8,139,1
8,140,2
8,141,1
8,142,2
8,143,1
8,144,2
8,145,1
8,146,2
8,147,1
8,148,2
9,49,oui
9,50,non
9,51,non
9,52,non
9,53,oui
9,54,oui
9,55,non
9,56,oui
9,57,oui
9,58,oui
9,59,oui
9,60,oui
9,61,oui
9,62,oui
9,63,non
9,64,non
9,65,non
9,66,oui
9,67,non
9,68,oui
9,69,oui
9,70,oui
9,71,non
9,72,non
9,73,oui
9,74,oui
9,75,oui
9,76,non
9,77,non
9,78,oui
9,79,non
9,80,non
9,81,oui
9,82,non
9,83,non
9,84,oui
9,85,non
9,86,non
9,87,non
9,88,oui
9,89,non
9,90,oui
9,91,oui
9,92,oui
9,93,non
9,94,non
9,95,non
9,96,oui
9,97,oui
9,98,oui
9,99,non
9,100,non
9,101,non
9,102,oui
9,103,non
9,104,oui
9,105,non
9,106,oui
9,107,non
9,108,non
9,109,non
9,110,non
9,111,oui
9,112,non
9,113,oui
9,114,oui
9,115,non
9,116,non
9,117,oui
9,118,oui
9,119,oui
9,120,oui
9,121,non
9,122,oui
9,123,non
9,124,oui
9,125,oui
9,126,oui
9,127,non
9,128,oui
9,129,oui
9,130,non
9,131,non
9,132,non
9,133,non
9,134,oui
9,135,oui
9,136,oui
9,137,non
9,138,non
9,139,oui
9,140,non
9,141,non
9,142,non
9,143,oui
9,144,non
9,145,oui
9,146,non
9,147,oui
9,148,non
10,49,08/07/2018
10,50,04/12/2018
10,51,12/31/2018
10,52,08/25/2018
10,53,07/17/2018
10,54,11/24/2018
10,55,03/27/2019
10,56,06/10/2018
10,57,03/16/2019
10,58,02/12/2018
10,59,05/21/2018
10,60,02/12/2018
10,61,12/24/2018
10,62,11/06/2018
10,63,01/18/2018
10,64,03/20/2019
10,65,12/18/2018
10,66,04/09/2018
10,67,12/11/2018
10,68,12/13/2018
10,69,02/11/2018
10,70,09/09/2018
10,71,01/16/2019
10,72,08/07/2018
10,73,02/12/2019
10,74,03/17/2019
10,75,03/19/2019
10,76,07/23/2018
10,77,05/15/2018
10,78,07/19/2018
10,79,04/02/2018
10,80,03/23/2019
10,81,05/03/2018
10,82,03/11/2019
10,83,10/08/2018
10,84,03/05/2019
10,85,03/05/2018
10,86,12/12/2018
10,87,03/22/2018
10,88,03/31/2019
10,89,03/02/2018
10,90,03/26/2018
10,91,07/11/2018
10,92,08/16/2018
10,93,09/15/2018
10,94,07/05/2018
10,95,08/26/2018
10,96,08/15/2018
10,97,04/20/2018
10,98,03/02/2018
10,99,11/01/2018
10,100,01/26/2019
10,101,12/10/2018
10,102,09/30/2018
10,103,08/06/2018
10,104,11/30/2018
10,105,11/06/2018
10,106,01/12/2018
10,107,02/06/2018
10,108,04/19/2018
10,109,03/06/2018
10,110,03/27/2018
10,111,12/17/2018
10,112,11/14/2018
10,113,03/08/2019
10,114,03/29/2019
10,115,03/30/2018
10,116,08/10/2018
10,117,06/19/2018
10,118,04/21/2018
10,119,10/04/2018
10,120,01/29/2019
10,121,04/07/2018
10,122,10/20/2018
10,123,01/17/2018
10,124,08/25/2018
10,125,03/12/2019
10,126,02/06/2018
10,127,02/15/2019
10,128,02/13/2019
10,129,08/27/2018
10,130,12/04/2018
10,131,08/19/2018
10,132,01/28/2019
10,133,07/24/2018
10,134,12/28/2018
10,135,03/25/2019
10,136,06/09/2018
10,137,05/19/2018
10,138,03/05/2019
10,139,02/03/2018
10,140,02/28/2019
10,141,02/14/2018
10,142,10/01/2018
10,143,03/17/2019
10,144,01/05/2018
10,145,03/28/2018
10,146,04/17/2018
10,147,09/08/2018
10,148,10/17/2018
11,149,Dodge
11,150,Kia Motors
11,151,Volkswagen
11,152,Skoda
11,153,Lexus
11,154,Toyota
11,155,Daimler
11,156,GMC
11,157,Mitsubishi Motors
11,158,Chevrolet
11,159,GMC
11,160,GMC
11,161,Jeep
11,162,Seat
11,163,Dacia
11,164,General Motors
11,165,Audi
11,166,General Motors
11,167,Isuzu
11,168,RAM Trucks
11,169,Subaru
11,170,Dodge
11,171,Citroën
11,172,Mercedes-Benz
11,173,Skoda
11,174,Kia Motors
11,175,Skoda
11,176,Kenworth
11,177,RAM Trucks
11,178,Maruti Suzuki
11,179,Audi
11,180,Daimler
11,181,Jeep
11,182,Infiniti
11,183,Citroën
11,184,Isuzu
11,185,Hyundai Motors
11,186,Audi
11,187,Chevrolet
11,188,Hyundai Motors
11,189,RAM Trucks
11,190,Maruti Suzuki
11,191,Citroën
11,192,Mitsubishi Motors
11,193,Lexus
11,194,Smart
11,195,Toyota
11,196,Cadillac
11,197,Kia Motors
11,198,RAM Trucks
11,199,Ferrari
11,200,Smart
11,201,Kia Motors
11,202,Dacia
11,203,Chrysler
11,204,Renault
11,205,Mazda
11,206,Lexus
11,207,Audi
11,208,Infiniti
11,209,GMC
11,210,RAM Trucks
11,211,Mazda
11,212,Mazda
11,213,Porsche
11,214,Isuzu
11,215,Peugeot
11,216,Ford
11,217,Hyundai Motors
11,218,General Motors
11,219,Volkswagen
11,220,Hyundai Motors
11,221,Ford
11,222,Volkswagen
11,223,Mitsubishi Motors
11,224,Mercedes-Benz
11,225,Volkswagen
11,226,Smart
11,227,Toyota
11,228,Buick
11,229,Maruti Suzuki
11,230,Dacia
11,231,Acura
11,232,Kia Motors
11,233,Chrysler
11,234,GMC
11,235,Infiniti
11,236,Volvo
11,237,Ferrari
11,238,Buick
11,239,RAM Trucks
11,240,Dongfeng Motor
11,241,Subaru
11,242,MINI
11,243,JLR
11,244,FAW
11,245,Ferrari
11,246,Dacia
11,247,Honda
11,248,Kia Motors
12,149,blanc
12,150,jaune
12,151,bleu
12,152,blanc
12,153,gris
12,154,bleu
12,155,noir
12,156,blanc
12,157,rouge
12,158,violet
12,159,violet
12,160,jaune
12,161,violet
12,162,vert
12,163,rouge
12,164,blanc
12,165,vert
12,166,rouge
12,167,noir
12,168,vert
12,169,noir
12,170,bleu
12,171,noir
12,172,gris
12,173,bleu
12,174,bleu
12,175,orange
12,176,violet
12,177,orange
12,178,gris
12,179,rouge
12,180,orange
12,181,blanc
12,182,rouge
12,183,rouge
12,184,bleu
12,185,gris
12,186,bleu
12,187,rouge
12,188,gris
12,189,jaune
12,190,gris
12,191,vert
12,192,violet
12,193,orange
12,194,violet
12,195,gris
12,196,gris
12,197,blanc
12,198,bleu
12,199,vert
12,200,jaune
12,201,orange
12,202,noir
12,203,gris
12,204,vert
12,205,orange
12,206,vert
12,207,vert
12,208,rouge
12,209,noir
12,210,orange
12,211,bleu
12,212,violet
12,213,noir
12,214,blanc
12,215,jaune
12,216,blanc
12,217,gris
12,218,blanc
12,219,orange
12,220,rouge
12,221,noir
12,222,gris
12,223,violet
12,224,noir
12,225,noir
12,226,jaune
12,227,jaune
12,228,noir
12,229,orange
12,230,violet
12,231,blanc
12,232,gris
12,233,blanc
12,234,jaune
12,235,vert
12,236,bleu
12,237,jaune
12,238,rouge
12,239,jaune
12,240,gris
12,241,bleu
12,242,orange
12,243,bleu
12,244,rouge
12,245,vert
12,246,vert
12,247,gris
12,248,violet
13,149,22
13,150,22
13,151,23
13,152,7
13,153,25
13,154,13
13,155,19
13,156,15
13,157,1
13,158,2
13,159,11
13,160,13
13,161,13
13,162,15
13,163,16
13,164,16
13,165,18
13,166,12
13,167,10
13,168,1
13,169,1
13,170,1
13,171,10
13,172,17
13,173,16
13,174,20
13,175,12
13,176,14
13,177,1
13,178,3
13,179,9
13,180,2
13,181,15
13,182,22
13,183,21
13,184,2
13,185,7
13,186,11
13,187,14
13,188,16
13,189,21
13,190,24
13,191,3
13,192,10
13,193,13
13,194,18
13,195,0
13,196,13
13,197,21
13,198,2
13,199,1
13,200,11
13,201,4
13,202,4
13,203,18
13,204,19
13,205,5
13,206,1
13,207,19
13,208,4
13,209,8
13,210,18
13,211,5
13,212,16
13,213,12
13,214,25
13,215,13
13,216,13
13,217,20
13,218,12
13,219,19
13,220,19
13,221,11
13,222,4
13,223,16
13,224,21
13,225,15
13,226,7
13,227,25
13,228,3
13,229,2
13,230,19
13,231,4
13,232,19
13,233,3
13,234,10
13,235,13
13,236,18
13,237,4
13,238,19
13,239,20
13,240,23
13,241,2
13,242,6
13,243,8
13,244,1
13,245,19
13,246,8
13,247,5
13,248,17
14,149,manuel
14,150,automatique
14,151,manuel
14,152,manuel
14,153,manuel
14,154,manuel
14,155,automatique
14,156,automatique
14,157,manuel
14,158,automatique
14,159,automatique
14,160,manuel
14,161,manuel
14,162,automatique
14,163,automatique
14,164,automatique
14,165,manuel
14,166,manuel
14,167,manuel
14,168,manuel
14,169,manuel
14,170,automatique
14,171,automatique
14,172,automatique
14,173,manuel
14,174,manuel
14,175,automatique
14,176,automatique
14,177,manuel
14,178,automatique
14,179,automatique
14,180,automatique
14,181,automatique
14,182,automatique
14,183,automatique
14,184,automatique
14,185,automatique
14,186,automatique
14,187,automatique
14,188,manuel
14,189,automatique
14,190,automatique
14,191,automatique
14,192,automatique
14,193,manuel
14,194,manuel
14,195,manuel
14,196,manuel
14,197,automatique
14,198,manuel
14,199,manuel
14,200,automatique
14,201,automatique
14,202,manuel
14,203,automatique
14,204,manuel
14,205,automatique
14,206,automatique
14,207,manuel
14,208,automatique
14,209,manuel
14,210,manuel
14,211,manuel
14,212,manuel
14,213,manuel
14,214,automatique
14,215,automatique
14,216,manuel
14,217,manuel
14,218,automatique
14,219,manuel
14,220,automatique
14,221,manuel
14,222,manuel
14,223,manuel
14,224,manuel
14,225,automatique
14,226,manuel
14,227,automatique
14,228,automatique
14,229,manuel
14,230,manuel
14,231,automatique
14,232,manuel
14,233,automatique
14,234,manuel
14,235,manuel
14,236,manuel
14,237,manuel
14,238,manuel
14,239,automatique
14,240,manuel
14,241,manuel
14,242,manuel
14,243,manuel
14,244,automatique
14,245,manuel
14,246,automatique
14,247,automatique
14,248,manuel
15,149,non
15,150,non
15,151,non
15,152,oui
15,153,non
15,154,oui
15,155,non
15,156,non
15,157,oui
15,158,non
15,159,non
15,160,oui
15,161,oui
15,162,non
15,163,oui
15,164,non
15,165,non
15,166,oui
15,167,non
15,168,non
15,169,oui
15,170,non
15,171,oui
15,172,non
15,173,oui
15,174,non
15,175,non
15,176,non
15,177,non
15,178,non
15,179,oui
15,180,oui
15,181,oui
15,182,non
15,183,non
15,184,oui
15,185,non
15,186,non
15,187,non
15,188,non
15,189,non
15,190,oui
15,191,non
15,192,oui
15,193,oui
15,194,oui
15,195,oui
15,196,oui
15,197,oui
15,198,oui
15,199,non
15,200,non
15,201,oui
15,202,non
15,203,non
15,204,non
15,205,non
15,206,oui
15,207,non
15,208,non
15,209,oui
15,210,non
15,211,oui
15,212,oui
15,213,non
15,214,non
15,215,oui
15,216,non
15,217,non
15,218,oui
15,219,oui
15,220,oui
15,221,non
15,222,oui
15,223,oui
15,224,oui
15,225,non
15,226,non
15,227,oui
15,228,non
15,229,non
15,230,oui
15,231,non
15,232,oui
15,233,oui
15,234,non
15,235,oui
15,236,non
15,237,oui
15,238,non
15,239,oui
15,240,oui
15,241,non
15,242,non
15,243,non
15,244,non
15,245,non
15,246,oui
15,247,non
15,248,oui
16,249,"The Hunger Games (The Hunger Games, #1)"
16,250,"Harry Potter and the Sorcerer's Stone (Harry Potter, #1)"
16,251,"Twilight (Twilight, #1)"
16,252,To Kill a Mockingbird
16,253,The Great Gatsby
16,254,The Fault in Our Stars
16,255,The Hobbit
16,256,The Catcher in the Rye
16,257,"Angels & Demons  (Robert Langdon, #1)"
16,258,Pride and Prejudice
16,259,The Kite Runner
16,260,"Divergent (Divergent, #1)"
16,261,1984
16,262,Animal Farm
16,263,The Diary of a Young Girl
16,264,"The Girl with the Dragon Tattoo (Millennium, #1)"
16,265,"Catching Fire (The Hunger Games, #2)"
16,266,"Harry Potter and the Prisoner of Azkaban (Harry Potter, #3)"
16,267,"The Fellowship of the Ring (The Lord of the Rings, #1)"
16,268,"Mockingjay (The Hunger Games, #3)"
16,269,"Harry Potter and the Order of the Phoenix (Harry Potter, #5)"
16,270,The Lovely Bones
16,271,"Harry Potter and the Chamber of Secrets (Harry Potter, #2)"
16,272,"Harry Potter and the Goblet of Fire (Harry Potter, #4)"
16,273,"Harry Potter and the Deathly Hallows (Harry Potter, #7)"
16,274,"The Da Vinci Code (Robert Langdon, #2)"
16,275,"Harry Potter and the Half-Blood Prince (Harry Potter, #6)"
16,276,Lord of the Flies
16,277,Romeo and Juliet
16,278,Gone Girl
16,279,The Help
16,280,Of Mice and Men
16,281,Memoirs of a Geisha
16,282,"Fifty Shades of Grey (Fifty Shades, #1)"
16,283,The Alchemist
16,284,"The Giver (The Giver, #1)"
16,285,"The Lion, the Witch, and the Wardrobe (Chronicles of Narnia, #1)"
16,286,The Time Traveler's Wife
16,287,"A Game of Thrones (A Song of Ice and Fire, #1)"
16,288,"Eat, Pray, Love"
16,289,"The Lightning Thief (Percy Jackson and the Olympians, #1)"
16,290,"Little Women (Little Women, #1)"
16,291,Jane Eyre
16,292,"The Notebook (The Notebook, #1)"
16,293,Life of Pi
16,294,Water for Elephants
16,295,The Book Thief
16,296,Fahrenheit 451
16,297,"New Moon (Twilight, #2)"
16,298,Where the Sidewalk Ends
16,299,"City of Bones (The Mortal Instruments, #1)"
16,300,"Eclipse (Twilight, #3)"
16,301,"Eragon (The Inheritance Cycle, #1)"
16,302,"The Hitchhiker's Guide to the Galaxy (Hitchhiker's Guide to the Galaxy, #1)"
16,303,Brave New World
16,304,"Breaking Dawn (Twilight, #4)"
16,305,The Secret Life of Bees
16,306,The Adventures of Huckleberry Finn
16,307,Charlotte's Web
16,308,The Curious Incident of the Dog in the Night-Time
16,309,The Girl on the Train
16,310,"The Golden Compass (His Dark Materials, #1)"
16,311,Wuthering Heights
16,312,My Sister's Keeper
16,313,Slaughterhouse-Five
16,314,Gone with the Wind
16,315,A Thousand Splendid Suns
16,316,The Perks of Being a Wallflower
16,317,"Insurgent (Divergent, #2)"
16,318,"Ender's Game (Ender's Saga, #1)"
16,319,Frankenstein
16,320,The Shining (The Shining #1)
16,321,"The Host (The Host, #1)"
16,322,Looking for Alaska
16,323,"Bridget Jones's Diary (Bridget Jones, #1)"
16,324,Sense and Sensibility
16,325,"Holes (Holes, #1)"
16,326,"The Devil Wears Prada (The Devil Wears Prada, #1)"
16,327,The Little Prince
16,328,The Glass Castle
16,329,Into the Wild
16,330,A Tale of Two Cities
16,331,"Jurassic Park (Jurassic Park, #1)"
16,332,The Giving Tree
16,333,A Time to Kill
16,334,Night (The Night Trilogy #1)
16,335,Paper Towns
16,336,The Princess Bride 
16,337,The Outsiders
16,338,"The Maze Runner (Maze Runner, #1)"
16,339,"Freakonomics: A Rogue Economist Explores the Hidden Side of Everything (Freakonomics, #1)"
16,340,The Secret Garden
16,341,One Hundred Years of Solitude
16,342,The Picture of Dorian Gray
16,343,"Fifty Shades Freed (Fifty Shades, #3)"
16,344,Dracula
16,345,"The Girl Who Played with Fire (Millennium, #2)"
16,346,"Fifty Shades Darker (Fifty Shades, #2)"
17,249,Suzanne Collins
17,250,"J.K. Rowling, Mary GrandPré"
17,251,Stephenie Meyer
17,252,Harper Lee
17,253,F. Scott Fitzgerald
17,254,John Green
17,255,J.R.R. Tolkien
17,256,J.D. Salinger
17,257,Dan Brown
17,258,Jane Austen
17,259,Khaled Hosseini
17,260,Veronica Roth
17,261,"George Orwell, Erich Fromm, Celél Éster"
17,262,George Orwell
17,263,"Anne Frank, Eleanor Roosevelt, B.M. Mooyaart-Doubleday"
17,264,"Stieg Larsson, Reg Keeland"
17,265,Suzanne Collins
17,266,"J.K. Rowling, Mary GrandPré, Rufus Beck"
17,267,J.R.R. Tolkien
17,268,Suzanne Collins
17,269,"J.K. Rowling, Mary GrandPré"
17,270,Alice Sebold
17,271,"J.K. Rowling, Mary GrandPré"
17,272,"J.K. Rowling, Mary GrandPré"
17,273,"J.K. Rowling, Mary GrandPré"
17,274,Dan Brown
17,275,"J.K. Rowling, Mary GrandPré"
17,276,William Golding
17,277,"William Shakespeare, Robert Jackson"
17,278,Gillian Flynn
17,279,Kathryn Stockett
17,280,John Steinbeck
17,281,Arthur Golden
17,282,E.L. James
17,283,"Paulo Coelho, Alan R. Clarke"
17,284,Lois Lowry
17,285,C.S. Lewis
17,286,Audrey Niffenegger
17,287,George R.R. Martin
17,288,Elizabeth Gilbert
17,289,Rick Riordan
17,290,Louisa May Alcott
17,291,"Charlotte Bronté, Michael Mason"
17,292,Nicholas Sparks
17,293,Yann Martel
17,294,Sara Gruen
17,295,Markus Zusak
17,296,Ray Bradbury
17,297,Stephenie Meyer
17,298,Shel Silverstein
17,299,Cassandra Clare
17,300,Stephenie Meyer
17,301,Christopher Paolini
17,302,Douglas Adams
17,303,Aldous Huxley
17,304,Stephenie Meyer
17,305,Sue Monk Kidd
17,306,"Mark Twain, John Seelye, Guy Cardwell"
17,307,"E.B. White, Garth Williams, Rosemary Wells"
17,308,Mark Haddon
17,309,Paula Hawkins
17,310,Philip Pullman
17,311,"Emily Bront��__, Richard J. Dunn"
17,312,Jodi Picoult
17,313,Kurt Vonnegut Jr.
17,314,Margaret Mitchell
17,315,Khaled Hosseini
17,316,Stephen Chbosky
17,317,Veronica Roth
17,318,Orson Scott Card
17,319,"Mary Wollstonecraft Shelley, Percy Bysshe Shelley, Maurice Hindle"
17,320,Stephen King
17,321,Stephenie Meyer
17,322,John Green
17,323,Helen Fielding
17,324,"Jane Austen, Tony Tanner, Ros Ballaster"
17,325,"Louis Sachar, Louis Sachar"
17,326,Lauren Weisberger
17,327,"Antoine de Saint-Exupéry, Richard Howard, Dom Marcos Barbosa, Melina Karakosta"
17,328,Jeannette Walls
17,329,Jon Krakauer
17,330,"Charles Dickens, Richard Maxwell, Hablot Knight Browne"
17,331,Michael Crichton
17,332,Shel Silverstein
17,333,John Grisham
17,334,"Elie Wiesel, Marion Wiesel"
17,335,John Green
17,336,William Goldman
17,337,S.E. Hinton
17,338,James Dashner
17,339,"Steven D. Levitt, Stephen J. Dubner"
17,340,Frances Hodgson Burnett
17,341,"Gabriel Garcia Mérquez, Gregory Rabassa"
17,342,"Oscar Wilde, Jeffrey Eugenides"
17,343,E.L. James
17,344,"Bram Stoker, Nina Auerbach, David J. Skal"
17,345,"Stieg Larsson, Reg Keeland"
17,346,E.L. James
18,249,2008
18,250,1997
18,251,2005
18,252,1960
18,253,1925
18,254,2012
18,255,1937
18,256,1951
18,257,2000
18,258,1813
18,259,2003
18,260,2011
18,261,1949
18,262,1945
18,263,1947
18,264,2005
18,265,2009
18,266,1999
18,267,1954
18,268,2010
18,269,2003
18,270,2002
18,271,1998
18,272,2000
18,273,2007
18,274,2003
18,275,2005
18,276,1954
18,277,1595
18,278,2012
18,279,2009
18,280,1937
18,281,1997
18,282,2011
18,283,1988
18,284,1993
18,285,1950
18,286,2003
18,287,1996
18,288,2006
18,289,2005
18,290,1868
18,291,1847
18,292,1996
18,293,2001
18,294,2006
18,295,2005
18,296,1953
18,297,2006
18,298,1974
18,299,2007
18,300,2007
18,301,2002
18,302,1979
18,303,1932
18,304,2008
18,305,2001
18,306,1884
18,307,1952
18,308,2003
18,309,2015
18,310,1995
18,311,1847
18,312,2004
18,313,1969
18,314,1936
18,315,2007
18,316,1999
18,317,2012
18,318,1985
18,319,1818
18,320,1977
18,321,2008
18,322,2005
18,323,1996
18,324,1811
18,325,1998
18,326,2003
18,327,1946
18,328,2005
18,329,1996
18,330,1859
18,331,1990
18,332,1964
18,333,1989
18,334,1958
18,335,2008
18,336,1973
18,337,1967
18,338,2009
18,339,2005
18,340,1911
18,341,1967
18,342,1891
18,343,2012
18,344,1897
18,345,2006
18,346,2011
19,249,eng
19,250,eng
19,251,fr
19,252,eng
19,253,eng
19,254,eng
19,255,fr
19,256,eng
19,257,fr
19,258,eng
19,259,eng
19,260,eng
19,261,eng
19,262,eng
19,263,eng
19,264,eng
19,265,eng
19,266,eng
19,267,eng
19,268,eng
19,269,eng
19,270,eng
19,271,eng
19,272,eng
19,273,eng
19,274,eng
19,275,eng
19,276,eng
19,277,eng
19,278,eng
19,279,eng
19,280,eng
19,281,eng
19,282,eng
19,283,eng
19,284,eng
19,285,eng
19,286,eng
19,287,eng
19,288,eng
19,289,eng
19,290,fr
19,291,eng
19,292,eng
19,293,fr
19,294,eng
19,295,eng
19,296,spa
19,297,eng
19,298,eng
19,299,eng
19,300,fr
19,301,fr
19,302,fr
19,303,eng
19,304,fr
19,305,fr
19,306,eng
19,307,eng
19,308,eng
19,309,eng
19,310,eng
19,311,eng
19,312,eng
19,313,eng
19,314,eng
19,315,eng
19,316,eng
19,317,eng
19,318,eng
19,319,eng
19,320,eng
19,321,fr
19,322,eng
19,323,eng
19,324,eng
19,325,eng
19,326,eng
19,327,eng
19,328,eng
19,329,eng
19,330,eng
19,331,spa
19,332,eng
19,333,eng
19,334,eng
19,335,fr
19,336,fr
19,337,fr
19,338,eng
19,339,fr
19,340,eng
19,341,eng
19,342,eng
19,343,eng
19,344,eng
19,345,eng
19,346,eng
20,249,4.34
20,250,4.44
20,251,3.57
20,252,4.25
20,253,3.89
20,254,4.26
20,255,4.25
20,256,3.79
20,257,3.85
20,258,4.24
20,259,4.26
20,260,4.24
20,261,4.14
20,262,3.87
20,263,4.1
20,264,4.11
20,265,4.3
20,266,4.53
20,267,4.34
20,268,4.03
20,269,4.46
20,270,3.77
20,271,4.37
20,272,4.53
20,273,4.61
20,274,3.79
20,275,4.54
20,276,3.64
20,277,3.73
20,278,4.03
20,279,4.45
20,280,3.84
20,281,4.08
20,282,3.67
20,283,3.82
20,284,4.12
20,285,4.19
20,286,3.95
20,287,4.45
20,288,3.51
20,289,4.23
20,290,4.04
20,291,4.1
20,292,4.06
20,293,3.88
20,294,4.07
20,295,4.36
20,296,3.97
20,297,3.52
20,298,4.29
20,299,4.12
20,300,3.69
20,301,3.86
20,302,4.2
20,303,3.97
20,304,3.7
20,305,4.01
20,306,3.8
20,307,4.15
20,308,3.85
20,309,3.88
20,310,3.94
20,311,3.82
20,312,4.06
20,313,4.06
20,314,4.28
20,315,4.34
20,316,4.21
20,317,4.07
20,318,4.3
20,319,3.75
20,320,4.17
20,321,3.84
20,322,4.09
20,323,3.75
20,324,4.06
20,325,3.93
20,326,3.7
20,327,4.28
20,328,4.24
20,329,3.94
20,330,3.81
20,331,3.96
20,332,4.38
20,333,4.03
20,334,4.3
20,335,3.88
20,336,4.25
20,337,4.06
20,338,4.02
20,339,3.93
20,340,4.12
20,341,4.04
20,342,4.06
20,343,3.88
20,344,3.98
20,345,4.22
20,346,3.87
21,249,4780653
21,250,4602479
21,251,3866839
21,252,3198671
21,253,2683664
21,254,2346404
21,255,2071616
21,256,2044241
21,257,2001311
21,258,2035490
21,259,1813044
21,260,1903563
21,261,1956832
21,262,1881700
21,263,1972666
21,264,1808403
21,265,1831039
21,266,1832823
21,267,1766803
21,268,1719760
21,269,1735368
21,270,1605173
21,271,1779331
21,272,1753043
21,273,1746574
21,274,1447148
21,275,1678823
21,276,1605019
21,277,1628519
21,278,512475
21,279,1531753
21,280,1467496
21,281,1300209
21,282,1338493
21,283,1299566
21,284,1296825
21,285,1531800
21,286,746287
21,287,1319204
21,288,1181647
21,289,1366265
21,290,1257121
21,291,1198557
21,292,1053403
21,293,1003228
21,294,1068146
21,295,1159741
21,296,570498
21,297,1149630
21,298,1016888
21,299,1154031
21,300,1134511
21,301,1104021
21,302,936782
21,303,1022601
21,304,1070245
21,305,916189
21,306,953758
21,307,1064521
21,308,867553
21,309,1008778
21,310,953970
21,311,899195
21,312,863879
21,313,846488
21,314,873981
21,315,818742
21,316,888806
21,317,836362
21,318,813439
21,319,808589
21,320,791850
21,321,749780
21,322,783470
21,323,736498
21,324,738894
21,325,747445
21,326,665930
21,327,738757
21,328,621099
21,329,647684
21,330,637412
21,331,447833
21,332,702332
21,333,597775
21,334,691231
21,335,461311
21,336,628637
21,337,659248
21,338,719925
21,339,524191
21,340,639357
21,341,490565
21,342,590014
21,343,387290
21,344,618973
21,345,563994
21,346,552059
22,249,66715
22,250,75504
22,251,456191
22,252,60427
22,253,86236
22,254,47994
22,255,46023
22,256,109383
22,257,77841
22,258,54700
22,259,34288
22,260,36315
22,261,41845
22,262,66854
22,263,45225
22,264,54835
22,265,10492
22,266,6716
22,267,38031
22,268,30144
22,269,9528
22,270,62777
22,271,8253
22,272,6676
22,273,9363
22,274,71345
22,275,7308
22,276,92779
22,277,57980
22,278,38874
22,279,10235
22,280,46630
22,281,23500
22,282,165455
22,283,74846
22,284,26497
22,285,19309
22,286,44339
22,287,19988
22,288,100373
22,289,18303
22,290,31645
22,291,35132
22,292,41395
22,293,39768
22,294,16705
22,295,17892
22,296,28366
22,297,102837
22,298,16590
22,299,34122
22,300,83094
22,301,50563
22,302,21764
22,303,26367
22,304,100994
22,305,17500
22,306,28467
22,307,18450
22,308,21049
22,309,27773
22,310,38382
22,311,46469
22,312,17547
22,313,24964
22,314,19996
22,315,6509
22,316,14286
22,317,10641
22,318,15330
22,319,29366
22,320,18487
22,321,44215
22,322,16940
22,323,28973
22,324,18430
22,325,15495
22,326,24231
22,327,15039
22,328,7901
22,329,19229
22,330,28904
22,331,15736
22,332,15345
22,333,12106
22,334,7761
22,335,14105
22,336,12883
22,337,10178
22,338,15291
22,339,14586
22,340,8005
22,341,27340
22,342,9825
22,343,39079
22,344,11756
22,345,4623
22,346,37245
23,249,127936
23,250,101676
23,251,436802
23,252,117415
23,253,197621
23,254,92723
23,255,76784
23,256,185520
23,257,145740
23,258,86485
23,259,59980
23,260,82870
23,261,86425
23,262,135147
23,263,91270
23,264,86051
23,265,48030
23,266,20413
23,267,55862
23,268,110498
23,269,31577
23,270,131188
23,271,42251
23,272,20210
23,273,22245
23,274,126493
23,275,21516
23,276,160295
23,277,153179
23,278,80807
23,279,25117
23,280,110856
23,281,59033
23,282,152293
23,283,123614
23,284,59652
23,285,55542
23,286,85429
23,287,28983
23,288,149549
23,289,48294
23,290,70011
23,291,64274
23,292,63432
23,293,74331
23,294,49832
23,295,35360
23,296,64289
23,297,160660
23,298,30792
23,299,65349
23,300,124293
23,301,88536
23,302,41962
23,303,60328
23,304,114893
23,305,45455
23,306,76630
23,307,41124
23,308,58117
23,309,73897
23,310,64591
23,311,84084
23,312,42763
23,313,45518
23,314,33136
23,315,18015
23,316,38658
23,317,44620
23,318,27612
23,319,74142
23,320,28981
23,321,62501
23,322,44232
23,323,59309
23,324,34699
23,325,43786
23,326,58323
23,327,32866
23,328,18922
23,329,35567
23,330,55555
23,331,34222
23,332,20408
23,333,25938
23,334,18539
23,335,47183
23,336,21641
23,337,34346
23,338,43370
23,339,26538
23,340,25207
23,341,37646
23,342,30735
23,343,55691
23,344,36719
23,345,15781
23,346,58935
24,249,560092
24,250,455024
24,251,793319
24,252,446835
24,253,606158
24,254,327550
24,255,288649
24,256,455042
24,257,458429
24,258,284852
24,259,226062
24,260,310297
24,261,324874
24,262,433432
24,263,355756
24,264,285413
24,265,262010
24,266,166129
24,267,202332
24,268,373060
24,269,180210
24,270,404699
24,271,242345
24,272,151785
24,273,113646
24,274,340790
24,275,136333
24,276,425648
24,277,452673
24,278,280331
24,279,134887
24,280,355169
24,281,258700
24,282,252185
24,283,289143
24,284,225326
24,285,262038
24,286,257805
24,287,114092
24,288,310212
24,289,219638
24,290,250794
24,291,212294
24,292,176469
24,293,218702
24,294,200154
24,295,135272
24,296,238242
24,297,294207
24,298,139024
24,299,203466
24,300,260763
24,301,240157
24,302,145173
24,303,219895
24,304,213402
24,305,185631
24,306,255722
24,307,191415
24,308,218218
24,309,273817
24,310,198764
24,311,215320
24,312,162573
24,313,152442
24,314,116160
24,315,99030
24,316,143440
24,317,182131
24,318,103439
24,319,231022
24,320,123862
24,321,154906
24,322,147324
24,323,198555
24,324,141987
24,325,176946
24,326,192366
24,327,114714
24,328,85191
24,329,135199
24,330,153305
24,331,138327
24,332,76071
24,333,122675
24,334,90575
24,335,154479
24,336,89236
24,337,134244
24,338,150488
24,339,115789
24,340,129646
24,341,87675
24,342,129420
24,343,109963
24,344,151396
24,345,91021
24,346,114203
25,249,1481305
25,250,1156318
25,251,875073
25,252,1001952
25,253,936012
25,254,698471
25,255,665635
25,256,661516
25,257,716569
25,258,609755
25,259,628174
25,260,673028
25,261,692021
25,262,698642
25,263,656870
25,264,667485
25,265,687238
25,266,509447
25,267,493922
25,268,618271
25,269,494427
25,270,583575
25,271,548266
25,272,494926
25,273,383914
25,274,539277
25,275,459028
25,276,564916
25,277,519822
25,278,616031
25,279,490754
25,280,532291
25,281,517157
25,282,294976
25,283,412180
25,284,448691
25,285,513366
25,286,427210
25,287,404583
25,288,332191
25,289,435514
25,290,426280
25,291,400214
25,292,298259
25,293,384164
25,294,417328
25,295,377218
25,296,426292
25,297,290612
25,298,293222
25,299,356048
25,300,309358
25,301,337943
25,302,299579
25,303,389379
25,304,267706
25,305,347540
25,306,344356
25,307,346090
25,308,355925
25,309,488447
25,310,313147
25,311,309180
25,312,314003
25,313,300948
25,314,234290
25,315,295817
25,316,297501
25,317,339977
25,318,264207
25,319,300495
25,320,277393
25,321,227180
25,322,262932
25,323,254836
25,324,272512
25,325,269153
25,326,226675
25,327,228440
25,328,227750
25,329,248287
25,330,216378
25,331,231583
25,332,167542
25,333,218617
25,334,230227
25,335,223895
25,336,196047
25,337,227250
25,338,266698
25,339,216316
25,340,243821
25,341,155809
25,342,246892
25,343,140304
25,344,246043
25,345,258236
25,346,150906
26,249,2706317
26,250,3011543
26,251,1355439
26,252,1714267
26,253,947718
26,254,1311871
26,255,1119718
26,256,709176
26,257,680175
26,258,1155673
26,259,929591
26,260,1114304
26,261,908229
26,262,648912
26,263,875372
26,264,836050
26,265,980309
26,266,1266670
26,267,1042394
26,268,738775
26,269,1124806
26,270,479323
26,271,1065084
26,272,1195045
26,273,1318227
26,274,479387
26,275,1161491
26,276,427846
26,277,489235
26,278,610476
26,279,942552
26,280,473795
26,281,559782
26,282,571909
26,283,504212
26,284,585279
26,285,734629
26,286,493884
26,287,874574
26,288,314272
26,289,689365
26,290,535563
26,291,574221
26,292,497194
26,293,360466
26,294,424820
26,295,722056
26,296,419051
26,297,350684
26,298,544153
26,299,582814
26,300,399134
26,301,408032
26,302,498001
26,303,383166
26,304,410714
26,305,341267
26,306,296316
26,307,487763
26,308,262481
26,309,362551
26,310,380030
26,311,346082
26,312,350994
26,313,367890
26,314,493721
26,315,446694
26,316,461020
26,317,369969
26,318,462829
26,319,248538
26,320,382158
26,321,288758
26,322,359857
26,323,212825
26,324,311754
26,325,259257
26,326,178250
26,327,468227
26,328,298102
26,329,227095
26,330,223571
26,331,230615
26,332,428921
26,333,229488
26,334,360777
26,335,215609
26,336,338235
26,337,274419
26,338,302109
26,339,176072
26,340,285570
26,341,267197
26,342,257679
26,343,265079
26,344,243825
26,345,279592
26,346,262051
27,347,espadrilles
27,348,chemise
27,349,chemise
27,350,pantalon de neige
27,351,hoodie
27,352,sandales
27,353,sandales
27,354,shorts
27,355,camisole
27,356,chemise
27,357,manteau
27,358,hoodie
27,359,espadrilles
27,360,polard
27,361,shorts
27,362,hoodie
27,363,manteau
27,364,maillot
27,365,shorts
27,366,t-shirt
27,367,t-shirt
27,368,espadrilles
27,369,polard
27,370,shorts
27,371,hoodie
27,372,pantalons
27,373,espadrilles
27,374,espadrilles
27,375,espadrilles
27,376,robe
27,377,shorts
27,378,jupe
27,379,maillot
27,380,espadrilles
27,381,hoodie
27,382,sandales
27,383,camisole
27,384,maillot
27,385,shorts
27,386,pantalons
27,387,robe
27,388,polard
27,389,t-shirt
27,390,maillot
27,391,espadrilles
27,392,sandales
27,393,t-shirt
27,394,espadrilles
27,395,camisole
27,396,camisole
27,397,sandales
27,398,espadrilles
27,399,shorts
27,400,chemise
27,401,pantalons
27,402,bottes
27,403,sandales
27,404,chemise
27,405,espadrilles
27,406,robe
27,407,camisole
27,408,hoodie
27,409,pantalons
27,410,pantalon de neige
27,411,bottes
27,412,camisole
27,413,maillot
27,414,sandales
27,415,hoodie
27,416,manteau
27,417,pantalons
27,418,camisole
27,419,bottes
27,420,hoodie
27,421,polard
27,422,manteau
27,423,hoodie
27,424,pantalon de neige
27,425,robe
27,426,pantalon de neige
27,427,shorts
27,428,chemise
27,429,robe
27,430,camisole
27,431,sandales
27,432,shorts
27,433,manteau
27,434,robe
27,435,manteau
27,436,pantalon de neige
27,437,t-shirt
27,438,pantalon de neige
27,439,t-shirt
27,440,espadrilles
27,441,bottes
27,442,bottes
27,443,polard
27,444,shorts
27,445,hoodie
27,446,shorts
28,347,femme
28,349,femme
28,350,homme
28,351,homme
28,352,homme
28,353,femme
28,355,homme
28,359,femme
28,360,homme
28,361,femme
28,362,homme
28,363,femme
28,364,femme
28,366,homme
28,368,femme
28,369,homme
28,370,homme
28,371,homme
28,372,femme
28,374,homme
28,375,homme
28,376,femme
28,379,homme
28,381,femme
28,383,femme
28,384,homme
28,385,homme
28,386,femme
28,387,femme
28,392,femme
28,394,homme
28,396,femme
28,397,femme
28,399,femme
28,400,homme
28,401,femme
28,402,homme
28,404,homme
28,405,homme
28,406,homme
28,409,femme
28,410,femme
28,412,femme
28,413,femme
28,415,homme
28,416,homme
28,417,femme
28,418,homme
28,420,femme
28,421,femme
28,422,femme
28,426,femme
28,427,femme
28,430,femme
28,431,femme
28,432,femme
28,433,homme
28,434,femme
28,435,homme
28,437,femme
28,438,femme
28,439,femme
28,442,femme
28,443,homme
28,444,femme
28,446,homme
29,347,5
29,348,S
29,349,S
29,350,XS
29,351,S
29,352,10
29,353,7
29,354,XS
29,355,XL
29,356,M
29,357,L
29,358,XS
29,359,8
29,360,XL
29,361,XL
29,362,M
29,363,M
29,364,XL
29,365,S
29,366,XL
29,367,L
29,368,7
29,369,M
29,370,M
29,371,M
29,372,L
29,373,5
29,376,XS
29,377,M
29,378,L
29,379,M
29,380,6
29,381,XS
29,383,XS
29,384,L
29,385,M
29,386,XS
29,387,M
29,388,XL
29,389,S
29,390,S
29,392,9
29,393,XS
29,395,S
29,396,M
29,397,S
29,399,6
29,400,L
29,401,XS
29,402,9
29,403,5
29,404,XS
29,405,M
29,406,M
29,407,XS
29,408,L
29,409,XS
29,410,S
29,411,10
29,412,XL
29,413,M
29,415,XL
29,416,M
29,417,XL
29,418,XL
29,420,L
29,421,M
29,422,S
29,423,XL
29,424,XS
29,425,L
29,426,M
29,427,S
29,428,S
29,429,S
29,430,M
29,431,S
29,432,M
29,433,S
29,434,M
29,435,XL
29,436,L
29,437,L
29,438,M
29,439,S
29,440,8
29,441,8
29,442,8
29,443,M
29,444,L
29,445,M
29,446,L
30,348,coton
30,349,soie
30,351,acrylique
30,354,jean
30,355,acrylique
30,356,coton
30,357,laine
30,361,soie
30,362,polyester
30,363,laine
30,364,coton
30,365,jean
30,366,soie
30,367,soie
30,369,acrylique
30,370,jean
30,371,jean
30,372,polyester
30,373,acrylique
30,376,coton
30,377,laine
30,378,jean
30,379,laine
30,381,laine
30,383,coton
30,384,laine
30,385,polyester
30,386,soie
30,387,acrylique
30,388,soie
30,389,laine
30,390,polyester
30,393,jean
30,395,laine
30,396,jean
30,397,laine
30,400,coton
30,401,jean
30,404,coton
30,405,jean
30,406,jean
30,407,jean
30,408,laine
30,409,jean
30,410,soie
30,412,polyester
30,413,polyester
30,415,laine
30,416,jean
30,417,soie
30,418,laine
30,420,polyester
30,421,laine
30,422,acrylique
30,423,jean
30,424,laine
30,425,coton
30,426,soie
30,427,laine
30,428,soie
30,429,laine
30,430,jean
30,432,polyester
30,433,jean
30,434,polyester
30,435,soie
30,436,jean
30,437,polyester
30,438,coton
30,439,coton
30,443,acrylique
30,444,acrylique
30,445,laine
30,446,soie
31,347,Zara
31,348,H&M
31,349,Vans
31,351,Vans
31,352,Zara
31,353,H&M
31,355,American Apparel
31,357,Gap
31,358,Zara
31,359,Converse
31,361,H&M
31,362,Gap
31,363,Gap
31,364,Levis
31,365,American Apparel
31,366,Zara
31,367,Levis
31,369,Vans
31,370,Vans
31,371,H&M
31,372,Billabong
31,373,H&M
31,374,Adidas
31,376,Levis
31,377,Gap
31,378,Gap
31,380,Vans
31,381,Vans
31,383,Levis
31,384,Levis
31,385,Levis
31,386,Zara
31,388,Vans
31,389,Levis
31,390,H&M
31,392,American Apparel
31,393,Zara
31,394,H&M
31,397,American Apparel
31,398,Gap
31,399,Zara
31,400,American Apparel
31,401,Vans
31,402,Sorel
31,403,H&M
31,404,American Apparel
31,407,Levis
31,408,American Apparel
31,409,Billabong
31,410,Zara
31,411,Sorel
31,412,Levis
31,413,Zara
31,415,Levis
31,416,Vans
31,417,American Apparel
31,418,Billabong
31,420,Billabong
31,421,Levis
31,422,Vans
31,423,Vans
31,424,H&M
31,428,Zara
31,429,H&M
31,430,Zara
31,431,Billabong
31,432,H&M
31,433,Vans
31,434,American Apparel
31,435,Gap
31,436,American Apparel
31,437,H&M
31,438,Levis
31,439,Gap
31,440,Vans
31,443,Vans
31,444,Levis
31,445,Billabong
31,446,Zara
32,347,3
32,348,6
32,349,7
32,350,0
32,351,4
32,352,6
32,353,3
32,354,2
32,355,1
32,356,0
32,357,5
32,358,4
32,359,4
32,360,0
32,361,1
32,362,4
32,363,2
32,364,3
32,365,7
32,366,5
32,367,2
32,368,7
32,369,0
32,370,1
32,371,2
32,372,7
32,373,0
32,374,5
32,375,1
32,376,2
32,377,2
32,378,3
32,379,7
32,380,1
32,381,4
32,382,0
32,383,0
32,384,7
32,385,3
32,386,6
32,387,0
32,388,6
32,389,4
32,390,3
32,391,4
32,392,6
32,393,2
32,394,7
32,395,3
32,396,5
32,397,5
32,398,0
32,399,2
32,400,1
32,401,6
32,402,7
32,403,2
32,404,7
32,405,1
32,406,2
32,407,6
32,408,7
32,409,5
32,410,7
32,411,1
32,412,4
32,413,0
32,414,3
32,415,6
32,416,1
32,417,1
32,418,7
32,419,3
32,420,1
32,421,6
32,422,6
32,423,3
32,424,4
32,425,4
32,426,1
32,427,7
32,428,0
32,429,7
32,430,5
32,431,7
32,432,5
32,433,1
32,434,7
32,435,2
32,436,3
32,437,0
32,438,5
32,439,0
32,440,2
32,441,7
32,442,2
32,443,3
32,444,7
32,445,0
32,446,3
33,347,indigo
33,349,bourgogne
33,350,jaune
33,351,gris
33,353,indigo
33,354,indigo
33,355,indigo
33,356,noir
33,357,gris
33,358,gris
33,359,indigo
33,360,indigo
33,361,gris
33,362,jaune
33,364,bourgogne
33,365,bleu
33,366,rouge
33,367,noir
33,368,bleu
33,369,rouge
33,370,blanc
33,371,bourgogne
33,372,gris
33,373,blanc
33,374,indigo
33,375,gris
33,376,rouge
33,377,jaune
33,378,bourgogne
33,379,rouge
33,380,vert
33,381,rouge
33,382,bourgogne
33,383,jaune
33,384,gris
33,385,bleu
33,386,blanc
33,387,bleu
33,388,rouge
33,389,beige
33,390,bourgogne
33,391,blanc
33,393,gris
33,394,blanc
33,395,rouge
33,396,bleu
33,397,jaune
33,398,blanc
33,399,noir
33,400,gris
33,401,blanc
33,402,vert
33,403,noir
33,404,rouge
33,405,bourgogne
33,406,beige
33,407,bourgogne
33,408,rouge
33,409,indigo
33,410,indigo
33,411,gris
33,412,blanc
33,413,jaune
33,414,bleu
33,415,gris
33,416,jaune
33,417,bourgogne
33,418,bleu
33,419,vert
33,420,gris
33,421,blanc
33,423,bleu
33,424,indigo
33,426,blanc
33,427,bleu
33,428,indigo
33,429,indigo
33,430,rouge
33,431,rouge
33,432,bourgogne
33,433,jaune
33,434,jaune
33,435,vert
33,436,blanc
33,437,bleu
33,438,jaune
33,439,bleu
33,440,bourgogne
33,441,jaune
33,442,bourgogne
33,443,gris
33,444,jaune
33,446,rouge
